aardwolf aardwolves
abatis abattises
abatis abatis
abbey abbeys
abomasum abomasa
abscissa abscissae
accelerando accelerandi
accountancy accountancys
accuracy accuracys
acetabulum acetabula
acinus acini
acromegaly acromegalys
actinia actiniae
acuity acuitys
addax addaxs
addendum addenda
adenoma adenomata
adieu adieux
adman admen
adultery adulterys
advocacy advocacys
adytum adyta
aerobiology aerobiologys
aerology aerologys
aeronomy aeronomys
aetiology aetiologys
affix affixs
afflux affluxs
affray affrays
agronomy agronomys
aide-de-camp aides-de-camp
aide-mmoire aides-mmoire
aircraft aircraft
aircraftman aircraftmen
aircraftwoman aircraftwomen
aircrew aircrew
airman airmen
airplay airplays
airway airways
airwoman airwomen
alacrity alacritys
alderman aldermen
alewife alewives
alga algae
algology algologys
alimony alimonys
allantois allantoides
alley alleys
allogamy allogamys
allopathy allopathys
allotropy allotropys
alloy alloys
alluvium alluvia
altocumulus altocumuli
altostratus altostrati
alumnus alumnae
alumnus alumna
alumnus alumni
alveolus alveoli
amanuensis amanuenses
ambo ambones
ament amenta
amity amitys
amniocentesis amniocenteses
amnion amnia
amoretto amoretti
amphora amphorae
ampulla ampullae
anabiosis anabioses
anacoluthon anacolutha
anacrusis anacruses
analysis analyses
anamnesis anamneses
anaphylaxis anaphylaxes
anaptyxis anaptyxes
anarchy anarchys
anastomosis anastomoses
anchorman anchormen
ancon ancones
androecium androecia
androgyny androgynys
anemometry anemometrys
anfractuosity anfractuositys
angary angarys
angioma angiomata
animality animalitys
annulus annuli
anomy anomys
antenna antennae
antependium antependia
anthelion anthelia
anthemion anthemia
antheridium antheridia
anthrax anthraxs
anthropogeny anthropogenys
anthropology anthropologys
anthropometry anthropometrys
anthroponymy anthroponymys
anthropophagy anthropophagys
anticlimax anticlimaxs
anti-gravity anti-gravitys
anti-hero anti-heroes
antimony antimonys
antipasto antipasti
antiserum antisera
antithesis antitheses
antrum antra
anybody anybodys
apathy apathys
Apex Apexs
apex apices
aphaeresis aphaereses
aphelion aphelia
aphesis apheses
aphis aphides
apodosis apodoses
apomixis apomixes
apoplexy apoplexys
apotheosis apotheoses
apparatchik apparatchiki
appendix appendices
apsis apsides
apteryx apteryxs
aquarium aquaria
Araby Arabys
arboretum arboreta
Arcady Arcadys
arcanum arcana
archaeology archaeologys
archaeopteryx archaeopteryxs
archegonium archegonia
archery archerys
archipelago archipelagoes
archway archways
areaway areaways
areola areolae
argali argali
Aries Aries
armamentarium armamentaria
armoury armourys
aromatherapy aromatherapys
array arrays
artilleryman artillerymen
as asses
ascendancy ascendancys
ascites ascites
Ashkenazi Ashkenazim
ashtray ashtrays
assay assays
Assyriology Assyriologys
astragalus astragali
astrochemistry astrochemistrys
astrology astrologys
astronomy astronomys
asymmetry asymmetrys
asyndeton asyndeta
ataraxy ataraxys
ataxy ataxys
atomicity atomicitys
atrium atria
atrophy atrophys
attorney attorneys
audiology audiologys
auditorium auditoria
aura aurae
aurochs aurochs
aurora aurorae
autobahn autobahnen
autochthon autochthones
autogamy autogamys
autography autographys
automaton automata
autostrada autostrade
autotomy autotomys
away aways
axilla axillae
Aylesbury Aylesburys
bacchant bacchante,bacchants
bacchant bacchantes
bacillus bacilli
backstay backstays
backwoodsman backwoodsmen
bacteriology bacteriologys
bacterium bacteria
bagman bagmen
bailey baileys
bailsman bailsmen
bain-marie bains-marie
baldmoney baldmoneys
Balinese Balinese
balladry balladrys
ballboy ballboys
ballista ballistae
balneology balneologys
bambino bambini
bandbox bandboxs
bandeau bandeaux
bandit banditti
bandsman bandsmen
banjo banjoes
barley barleys
barman barmen
barney barneys
barratry barratrys
baseman basemen
basicity basicitys
basidium basidia
basketry basketrys
basso bassi
bateau bateaux
batman batmen
batsman batsmen
batwoman batwomen
bawdy bawdys
bay bays
beadsman beadsmen
beau beaux
bche-de-mer bches-de-mer
beechmast beechmast
beef beeves
beef beefs,beefs
beeswax beeswaxs
beggary beggarys
belay belays
bellboy bellboys
bellman bellmen
beltman beltmen
Benelux Beneluxs
betony betonys
bey beys
bibliomancy bibliomancys
biennium biennia
bijou bijoux
bilbo bilboes
billet-doux billets-doux
bimbo bimboes
binman binmen
biochemistry biochemistrys
biogeography biogeographys
biology biologys
biometry biometrys
biotechnology biotechnologys
birthday birthdays
bison bison
blackboy blackboys
blakey blakeys
blankety blanketys
blarney blarneys
blastula blastulae
blazonry blazonrys
Bloomsbury Bloomsburys
bluey blueys
boatman boatmen
bob bob
bobstay bobstays
bogey bogeys
bogey bogies
bogeyman bogeymen
boloney boloneys
bondsman bondsmen
bongo bongoes
bonsai bonsai
bookman bookmen
booty bootys
borax boraxs
borborygmus borborygmi
Bordeaux Bordeaux
Botany Botanys
botany botanys
bottomry bottomrys
bowman bowmen
box boxs
boy boys
brace brace
brainchild brainchildren
brakeman brakemen
brakesman brakesmen
Bramley Bramleys
bravery braverys
bravo bravoes
bray brays
breakaway breakaways
bream bream
brevity brevitys
briny brinys
broadway broadways
bronchus bronchi
bryology bryologys
bubbly bubblys
bubo buboes
bucko buckoes
buffalo buffaloes
buggery buggerys
bullocky bullockys
bully bullys
bummalo bummalo
buoy buoys
buoyancy buoyancys
bureau bureaux
Burmese Burmese
bursa bursae
bus busses
bushman bushmen
businessman businesswomen
businessman businessmen
businessman businesswoman
busman busmen
buy buys
by bys
byplay byplays
byssus byssi
byway byways
cableway cableways
cabman cabmen
ca`canny ca`cannys
cacography cacographys
cacology cacologys
cactus cacti
caduceus caducei
Caerphilly Caerphillys
calamanco calamancoes
calcaneus calcanei
calcaneus calcanea
calculus calculi
calf calves
calico calicoes
calligraphy calligraphys
Calvary Calvarys
calx calces
calyx calyces
cambium cambia
cameraman cameramen
campanology campanologys
candelabrum candelabras
candelabrum candelabra
cannula cannulae
canonicity canonicitys
canthus canthi
Cantonese Cantonese
capillarity capillaritys
capitulum capitula
carabiniere carabinieri
caraway caraways
carboy carboys
carcinoma carcinomata
cardiology cardiologys
cargo cargoes
caribou caribou
caries caries
carp carp
carpentry carpentrys
carpology carpologys
carpus carpi
carriageway carriageways
cartography cartographys
cartomancy cartomancys
caryatid caryatides
caryopsis caryopses
cash cash
castaway castaways
castrato castrati
catachresis catachreses
cataclasis cataclases
catalepsy catalepsys
catalysis catalyses
cataplexy cataplexys
catena catenae
Cathar Cathari
catharsis catharses
Cathay Cathays
cathexis cathexes
cattleman cattlemen
causality causalitys
causeway causeways
causey causeys
cavalryman cavalrymen
caveman cavemen
cay cays
Ceefax Ceefaxs
celerity celeritys
celery celerys
cephalothorax -thoraces
cephalothorax -thoraxes
cerebellum cerebella
cerebrum cerebra
cerography cerographys
cervix cervices
Chablis Chablis
chairman chairwoman
chairman chairwomen
chairman chairmen
chalaza chalazae
chalcedony chalcedonys
chambray chambrays
chamois chamois
chance-medley chance-medleys
chandlery chandlerys
Chantilly Chantillys
chapatti chupatties
chapeau-bras chapeaux-bras
chapman chapmen
char char
Chardonnay Chardonnays
charisma charismata
Charollais Charollais
charpoy charpoys
charwoman charwomen
chassis chassis
chastity chastitys
chteau chteaux
chatterbox chatterboxs
checkerman checkermen
chef-d`oeuvre chefs-d`oeuvre
chela chelae
chemotherapy chemotherapys
chemurgy chemurgys
cherub cherubim
chessman chessmen
chiasma chiasmata
chickenpox chickenpoxs
child children
chilli chillies
chimney chimneys
Chinaman Chinamen
Chinese Chinese
chirography chirographys
chiromancy chiromancys
chiropody chiropodys
chivalry chivalrys
chlamydia chlamydiae
choirboy choirboys
choky chokeys
cholangiography cholangiographys
cholecystography cholecystographys
chopsuey chopsueys
choreography choreographys
choreology choreologys
choriambus choriambi
chorography chorographys
chorology chorologys
Christianity Christianitys
Christology Christologys
chromaticity chromaticitys
chromatography chromatographys
chronometry chronometrys
chrysalis chrysalides
churchman churchmen
churchwoman churchwomen
chutney chutneys
ciborium ciboria
cicerone ciceroni
cilium cilia
cinematography cinematographys
Cingalese Cingalese
cingulum cingula
circumflex circumflexs
cirrus cirri
cisco ciscoes
clansman clanswomen
clansman clanswoman
clansman clansmen
Clarenceux Clarenceuxs
clarity claritys
clay clays
clearway clearways
clerestory clerestorys
clergyman clergymen
climatology climatologys
climax climaxs
cloaca cloacae
clypeus clypei
coachman coachmen
coagulum coagula
coalman coalmen
coalmouse coalmice
coccus cocci
coccyx coccyges
cochlea cochleae
cockney cockneys
coco cocoas
cod cod
codex codices
codicology codicologys
cognoscente cognoscenti
coho cohoes
coley coleys
colloquium colloquia
colloquy -quies
collyrium collyria
colophony colophonys
colossus colossi
colposcopy colposcopys
coma comae
comedo comedones
comfrey comfreys
commis commis
compages compages
compendium compendia
complacency complacencys
complex complexs
complicity complicitys
concerto concerti
conch conches
concha conchae
conchology conchologys
concinnity concinnitys
condottiere condottieri
conductivity conductivitys
conductus conducti
confectionery confectionerys
conflux confluxs
conformity conformitys
congeries congeries
congressman congresswomen
congressman congressmen
congressman congresswoman
conidium conidia
conquistador conquistadores
consistency consistences
consortium consortia
constancy constancys
contiguity contiguitys
continuum continua
contrariety contrarietys
contributory contributorys
contumacy contumacys
contumely contumelys
conversazione conversazioni
convoy convoys
cony coneys
cookie cookies
corduroy corduroys
corf corves
cornetto cornetti
corona coronae
corporeity corporeitys
corps corps
corpus corpora
corrigendum corrigenda
cortex cortices
cosmology cosmologys
coulometry coulometrys
councilman councilwomen
councilman councilmen
councilman councilwoman
counsel counsel
countryman countrywomen
countryman countrymen
countryman countrywoman
couple couple
covalency covalencys
Coventry Coventrys
covey coveys
cowboy cowboys
cowman cowmen
cowpox cowpoxs
Cox Coxs
cox coxs
coxa coxae
cracksman cracksmen
craft craft
craftsman craftswomen
craftsman craftswoman
craftsman craftsmen
cragsman cragsmen
craniology craniologys
craniometry craniometrys
cranium crania
crasis crases
crawfish crawfish
cray crays
crayfish crayfish
credibility credibilitys
crematorium crematoria
crewman crewmen
criminology criminologys
crisis crises
crista cristae
criterion criteria
crockery crockerys
crucifix crucifixs
crux cruces
cryobiology cryobiologys
cryosurgery cryosurgerys
cryptography cryptographys
crystallography crystallographys
csardas csardas
cul-de-sac culs-de-sac
cumulus cumuli
cupidity cupiditys
curaao curaoas
curriculum curricula
curtsy curtseys
custody custodys
cutlery cutlerys
Cyclops Cyclops
Cyclops Cyclopes
cypsela cypselae
cytology cytologys
dace dace
dairyman dairymen
dalesman dalesmen
day days
D-Day D-Days
debauchery debaucherys
debility debilitys
decay decays
decoy decoys
deejay deejays
deer deer
delay delays
deltiology deltiologys
demography demographys
demonolatry demonolatrys
demonology demonologys
demy demys
denarius denarii
dendrochronology dendrochronologys
dendrology dendrologys
dentalium dentalia
deontology deontologys
dermatology dermatologys
derry derrys
desideratum desiderata
desperado desperadoes
devilfish devilfishes
dexterity dexteritys
diagnosis diagnoses
diakinesis diakineses
dialysis dialyses
diathermancy diathermancys
diathermy diathermys
dicky dickeys
dictum dicta
dido didoes
die dice
differentia differentiae
dilettante dilettanti
diluvium diluvia
dingo dingoes
diplococcus diplococci
diploidy diploidys
diplomacy diplomacys
directrix directrices
disarray disarrays
discobolus discoboli
diseconomy diseconomys
disharmony disharmonys
dismay dismays
display displays
diverticulum diverticula
divertimento divertimenti
do do`s
dodo dodoes
dogfish dogfishes
dogman dogmen
doily doileys
Dolby Dolbys
dolma dolmades
Domesday Domesdays
domesticity domesticitys
domino dominoes
donkey donkeys
doohickey doohickeys
doomsday doomsdays
doorman doormen
doorway doorways
dormouse dormice
dos--dos dos--dos
doughboy doughboys
drachma drachmae
draftsman draftsmen
dragoman dragomen
dragonfish dragonfishes
dramaturgy dramaturgys
draughtsman draughtsmen
dray drays
drayman draymen
drey dreys
driveway driveways
drongo drongoes
duplex duplexs
duplicity duplicitys
Durex Durexs
dustman dustmen
Dutchman Dutchwoman
Dutchman Dutchwomen
Dutchman Dutchmen
dux duxs
dwarf dwarves
dybbuk dybbukim
dysentery dysenterys
dystrophy dystrophys
earwax earwaxs
eatery eaterys
ecclesiology ecclesiologys
echo echoes
echocardiography echocardiographys
echoencephalography echoencephalographys
ecology ecologys
eddo eddoes
effluvium effluvia
efflux effluxs
Egyptology Egyptologys
eidolon eidola
eisteddfod eisteddfodau
electricity electricitys
electrobiology electrobiologys
electroplexy electroplexys
electrotechnology electrotechnologys
electrotherapy electrotherapys
elenchus elenchi
elf elves
elytron elytra
embargo embargoes
embolus emboli
embryology embryologys
emery emerys
empathy empathys
emphasis emphases
employ employs
emporium emporia
enarthrosis enarthroses
encephalopathy encephalopathys
enchiridion enchiridia
encomium encomia
endocrinology endocrinologys
endogamy endogamys
enema enemata
enginery enginerys
Englishman Englishmen
Englishwoman Englishwomen
enthalpy enthalpys
entomology entomologys
entropy entropys
envoy envoys
epenthesis epentheses
epexegesis epexegeses
ephemera ephemerae
ephemeris ephemerides
ephemeron ephemera
epicedium epicedia
epidemiology epidemiologys
epididymis epididymides
epigastrium epigastria
epigone epigoni
epigraphy epigraphys
epilepsy epilepsys
epilimnion epilimnia
epinasty epinastys
epiphenomenon epiphenomena
epiphysis epiphyses
epistemology epistemologys
epitaxy epitaxys
epithalamium epithalamia
epithelium epithelia
epizoon epizoa
epyllion epyllia
equality equalitys
equanimity equanimitys
equilibrium equilibria
equinox equinoxs
erg areg
Erinys Erinyes
erotology erotologys
erratum errata
escapology escapologys
eschatology eschatologys
Esquimau Esquimaux
essay essays
ethnoarchaeology ethnoarchaeologys
ethnography ethnographys
ethnology ethnologys
ethnomusicology ethnomusicologys
ethology ethologys
etymon etyma
eucalyptus eucalypti
eucalyptus eucalypts
eulogium eulogia
eustasy eustasys
ex exs
exciseman excisemen
exegesis exegeses
exemplum exempla
ex-libris ex-libris
exobiology exobiologys
exogamy exogamys
exordium exordia
expiry expirys
expressway expressways
ex-serviceman ex-servicemen
ex-servicewoman ex-servicewomen
extremum extrema
fabliau fabliaux
facies facies
factum facta
facula faculae
Faeroese Faeroese
fairway fairways
falconry falconrys
famulus famuli
fandango fandangoes
faraday faradays
farcy farcys
farrago farragoes
fatso fatsoes
fauna faunae
fax faxs
fay fays
feasibility feasibilitys
fellah fellahin
felloe felloies
femineity femineitys
feminity feminitys
femur femora
fenestra fenestrae
Festschrift Festschriften
fez fezzes
fianchetto fianchettoes
fibroma fibromata
fibula fibulae
fidelity fidelitys
fieldsman fieldsmen
figurante figuranti
filaria filariae
Filipino Filipina
Filofax Filofaxs
finery finerys
finnesko finnesko
fioritura fioriture
firebox fireboxs
fireclay fireclays
fireman firemen
fish fishes
fisherman fishermen
fishwife fishwives
fistula fistulae
fix fixs
fixity fixitys
flagellum flagella
flagman flagmen
flambeau flambeaux
flamingo flamingoes
flatfoot flatfeet
flax flaxs
fleur-de-lis fleurs-
flex flexs
flexography flexographys
flocculus flocculi
floccus flocci
flora florae
florilegium florilegia
fluency fluencys
flunkey flunkeys
flunkey flunkies
flux fluxs
flyleaf flyleaves
focus foci
fogy fogeys
folk folk
foot foots,feet,feet
foot foot
footman footmen
footway footways
foramen foramina
foray forays
forceps forceps
forefoot forefeet
foreman foremen
foreplay foreplays
forestay forestays
forestry forestrys
forewoman forewomen
fortissimo fortissimi
fossa fossae
fovea foveae
fox foxs
fracas fracas
fraenulum fraenula
fraenum fraena
Frau Frauen
fray frays
freedman freedmen
freeman freemen
Freemasonry Freemasonrys
freeway freeways
Frenchman Frenchmen
Frenchwoman Frenchwomen
fresco frescoes
freshman freshmen
fricandeau fricandeaux
Friday Fridays
froggy froggys
frogman frogmen
frontiersman frontiersmen
frumenty frumentys
frustum frusta
frutex frutices
fry frys
fucus fuci
fugleman fuglemen
fulcrum fulcra
fumitory fumitorys
fundus fundi
fungus fungi
furriery furrierys
futurology futurologys
gaiety gaietys
galea galeae
galley galleys
galloway galloways
gambade -os
gambade -oes,gambades
gamesman gamesmen
gametangium gametangia
ganglion ganglia
gangway gangways
Garda Gardai
garfish garfish
garganey garganeys
gasman gasmen
gastronomy gastronomys
gastrula gastrulae
gateau gateaux
gateman gatemen
gateway gateways
gay gays
gazebo gazeboes
gearbox gearboxs
gecko geckoes
gelly gellys
gemma gemmae
gemmology gemmologys
genius genii,geniuses
gens gentes
gentility gentilitys
gentleman gentlemen
gentlewoman gentlewomen
gentry gentrys
genus genera
geobotany geobotanys
geochemistry geochemistrys
geochronology geochronologys
geodesy geodesys
geography geographys
geology geologys
geomancy geomancys
geometry geometrys
geomorphology geomorphologys
geophagy geophagys
gerontology gerontologys
gesso gessoes
getaway getaways
gingiva gingivae
ginglymus ginglymi
ginkgo ginkgoes
glabella glabellae
glaciology glaciologys
glacis glacis
gladiolus gladioli
glans glandes
glassy glassys
gley gleys
glissando glissandi
glomerulus glomeruli
gluteus glutei
gluttony gluttonys
glyptography glyptographys
G-man G-men
go goes
Godwottery Godwotterys
gonococcus gonococci
goodbye goodbys
goodman goodmen
goodwife goodwives
goody-goody goody-goodys
goose geese
gorblimey gorblimeys
goy goyim
goy goys
gracility gracilitys
graffito graffiti
grand grand
grandchild grandchildren
grapefruit grapefruit
graphicacy graphicacys
graphology graphologys
gravamen gravamina
gravimetry gravimetrys
gravity gravitys
gray grays
greenery greenerys
grey greys
gross gross
grotto grottoes
groundsman groundsmen
grouse grouse
guardsman guardsmen
Guernsey Guernseys
guideway guideways
guildsman guildswoman
guildsman guildswomen
guildsman guildsmen
gumma gummata
gunman gunmen
gunnery gunnerys
gunplay gunplays
gusto gustoes
guy guys
gymnasium gymnasia
gynaecology gynaecologys
gynoecium gynoecia
gyrus gyri
hackney hackneys
haddock haddock
haecceity haecceitys
haematology haematologys
hagiography hagiographys
hagiolatry hagiolatrys
hagiology hagiologys
haiku haiku
hairspray hairsprays
half halves
halfpenny halfpence
halibut halibut
hallux halluces
hallway hallways
halo haloes
hamulus hamuli
handkerchief handkerchieves
handyman handymen
hangman hangmen
hanky-panky hanky-pankys
haplography haplographys
haplology haplologys
haruspex haruspices
harvestman harvestmen
Hasid Hasidim
hatbox hatboxs
hatchway hatchways
hay hays
haybox hayboxs
head head
headman headmen
headsman headsmen
headway headways
hearsay hearsays
hearty heartys
hegemony hegemonys
heliotherapy heliotherapys
helix helices
helmsman helmsmen
henchman henchmen
henry henrys
heortology heortologys
heraldry heraldrys
herbarium herbaria
herdsman herdsmen
heredity hereditys
hernia herniae
hero heroes
herpetology herpetologys
Herr Herren
hertz hertz
hesperidium hesperidia
hetaera hetaerae
heterogamy heterogamys
heterogony heterogonys
heteronomy heteronomys
heterotaxy heterotaxys
hetman hetmen
hex hexs
heyday heydays
hickey hickeys
hideaway hideaways
hierolatry hierolatrys
hierology hierologys
higgledy-piggledy higgledy-piggledys
highboy highboys
highway highways
highwayman highwaymen
hilum hila
hippocampus hippocampi
hippopotamus hippopotami
histochemistry histochemistrys
histogeny histogenys
histology histologys
histopathology histopathologys
historicity historicitys
historiography historiographys
hoax hoaxs
hobbledehoy hobbledehoys
hobo hoboes
hockey hockeys
hodman hodmen
hogmanay hogmanays
hoity-toity hoity-toitys
hokey-cokey hokey-cokeys
hokey-pokey hokey-pokeys
hokku hokku
holiday holidays
holography holographys
hominy hominys
homoeopathy homoeopathys
homogamy homogamys
homogeny homogenys
homology homologys
homunculus homunculi
homunculus homuncules
honesty honestys
honey honeys
honorarium honoraria
hooey hooeys
hoof hooves
hookey hookeys
horology horologys
horsebox horseboxs
horseman horsemen
horseplay horseplays
horsepower horsepower
horsewoman horsewomen
hosiery hosierys
hospitality hospitalitys
houseboy houseboys
housefly houseflys
houseman housemen
housewife housewives
housewifery housewiferys
housey-housey housey-houseys
hovercraft hovercraft
hoy hoys
humerus humeri
humility humilitys
huntaway huntaways
huntsman huntsmen
hurly-burly hurly-burlys
hurry-scurry hurry-scurrys
husbandry husbandrys
hydrography hydrographys
hydrology hydrologys
hydropathy hydropathys
hydrotherapy hydrotherapys
hydrothorax hydrothoraxs
hygrology hygrologys
hymenium hymenia
hyperbola hyperbolae
hypergamy hypergamys
hypertrophy hypertrophys
hypha hyphae
hypnology hypnologys
hypnotherapy hypnotherapys
hypogastrium hypogastria
hypogeum hypogea
hypolimnion hypolimnia
hyponasty hyponastys
hypophysis hypophyses
hypostasis hypostases
hypothalamus hypothalami
hypothesis hypotheses
hypsography hypsographys
hyrax hyraxs
iambus iambi
icebox iceboxs
iceman icemen
ichthyology ichthyologys
iconolatry iconolatrys
iconology iconologys
iconostasis iconostases
idiopathy idiopathys
idolatry idolatrys
ignominy ignominys
ileum ilea
ilex ilexs
ilium ilia
imagery imagerys
imago imagines
immunoassay immunoassays
immunochemistry immunochemistrys
immunodeficiency immunodeficiencys
immunology immunologys
immunotherapy immunotherapys
impala impala
impudicity impudicitys
impunity impunitys
inability inabilitys
inamorato inamorata
incubus incubi
incunabulum incunabula
incus incudes
index indices
Indiaman Indiamen
Indology Indologys
indumentum indumenta
indusium indusia
infantryman infantrymen
inferiority inferioritys
infix infixs
influx influxs
infula infulae
ingenuity ingenuitys
inhabitancy inhabitancys
inhospitality inhospitalitys
inlay inlays
innuendo innuendoes
inoculum inocula
insectarium insectaries
insensibility insensibilitys
insobriety insobrietys
instancy instancys
insufficiency insufficiencys
integrity integritys
intercommunity intercommunitys
interleaf interleaves
intermezzo intermezzi
interplay interplays
interregnum interregna
intersex intersexs
intertextuality intertextualitys
in-tray in-trays
invalidity invaliditys
inyala inyala
Irishman Irishmen
Irishwoman Irishwomen
Iroquois Iroquois
ischium ischia
isostasy isostasys
I-spy I-spys
jackfish jackfish
jackknife jackknives
Japanese Japanese
Javanese Javanese
jay jays
jazzman jazzmen
jemmy jimmis
jeopardy jeopardys
jersey jerseys
jewellery jewellerys
jiggery-pokery jiggery-pokerys
jingo jingoes
jinnee jinn
jinnee djinn
jinx jinxs
jo joes
jobbery jobberys
jockey jockeys
joey joeys
journey journeys
journeyman journeymen
joy joys
jukebox jukeboxs
July Julys
junco juncoes
juryman jurymen
jurywoman jurywomen
Kanarese Kanarese
kapellmeister kapellmeister
kersey kerseys
key keys
keyway keyways
kibbutz kibbutzim
kidney kidneys
killjoy killjoys
kinesiology kinesiologys
kinsman kinswomen
kinsman kinsmen
kinsman kinswoman
Kirghiz Kirghiz
kirkman kirkmen
knife knives
kohlrabi kohlrabies
krona kronur
krona kronor
krone kroner
Kru Kru
labium labia
labrum labra
lackey lackeys
lactobacillus lactobacilli
lacuna lacunae
laicity laicitys
laity laitys
lamella lamellae
lamina laminae
lamprey lampreys
Land Lnder
landsman landsmen
Larry Larrys
larva larvae
larynx larynges
lasso lassoes
latchkey latchkeys
latex latices
lawman lawmen
lay lays
lay-by lay-bys
layman laywoman
layman laywomen
layman laymen
lazaret lazarettos
lazybones lazybones
leaf leaves
Lebanese Lebanese
lechery lecherys
lecythus lecythi
leeway leeways
legman legmen
lengthman lengthmen
leprosy leprosys
lepton lepta
lese-majesty lese-majestys
lethargy lethargys
leu lei
levity levitys
lexicography lexicographys
lexicology lexicologys
lexigraphy lexigraphys
ley leys
liberality liberalitys
libretto libretti
lied lieder
liegeman liegemen
life lives
lifebuoy lifebuoys
lighterman lightermen
Limey Limeys
limnology limnologys
lineman linemen
linesman linesmen
lingo lingoes
linkman linkmen
linsey-woolsey linsey-woolseys
lipidosis lipidoses
lipography lipographys
lira lire
literacy literacys
lithography lithographys
lithology lithologys
liveryman liverymen
loaf loaves
locksman locksmen
loco locoes
loculus loculi
locus loci
logion logia
longevity longevitys
longshoreman longshoremen
loris loris
louis louis
louse lice
lovey loveys
lowboy lowboys
lox loxs
lummox lummoxs
lumpfish lumpfishes
lumpfish -fish
lunula lunulae
Lurex Lurexs
lustrum lustra
lux lux
lycanthropy lycanthropys
lymphoma lymphomata
lynx lynxs
lysis lyses
macaroni macaronies
McCoy McCoys
macrophotography macrophotographys
macula maculae
Madame Mesdames
Mademoiselle Mesdemoiselles
madman madmen
madwoman madwomen
maestro maestri
Mafioso Mafiosi
magma magmata
magnifico magnificoes
magnox magnoxs
maguey magueys
magus magi
mailbox mailboxs
mailman mailmen
mainstay mainstays
malacology malacologys
Malagasy Malagasys
malarkey malarkeys
Malay Malays
malleolus malleoli
malleus mallei
malmsey malmseys
Maltese Maltese
mamma mammae
mammography mammographys
man men
mangabey mangabeys
mango mangoes
manservant menservants
Manx Manxs
Manxman Manxwomen
Manxman Manxmen
Manxman Manxwoman
many manys
mare maria
maremma maremme
margay margays
Mariolatry Mariolatrys
marksman marksmen
marquetry marquetrys
masonry masonrys
mastery masterys
matchbox matchboxs
maternity maternitys
matey mateys
matrix matrices
matzo matzoth
Maundy Maundys
maxilla maxillae
maximum maxima
May Mays
mayday maydays
media mediae
mediastinum mediastina
medium mediums,media
medley medleys
medusa medusae
Meistersinger Meistersinger
melisma melismata
memento mementoes
memorandum memoranda
meninx meninges
meniscus menisci
menstruum menstrua
merchantman merchantmen
mercury mercurys
merman mermen
mestizo mestizas
mestizo mestiza
metacarpus metacarpi
metallography metallographys
metallurgy metallurgys
metamorphosis metamorphoses
metapsychology metapsychologys
metastasis metastases
metatarsus metatarsi
metathesis metatheses
metempsychosis metempsychoses
meteorology meteorologys
metis metisse
metis metis
metis metisses
metonymy metonymys
metrology metrologys
mezuzah mezuzoth
miasma miasmata
mickey mickeys
microbiology microbiologys
microcephaly microcephalys
microscopy microscopys
microsurgery microsurgerys
micrurgy micrurgys
midday middays
middleman middlemen
Midrash Midrashim
midshipman midshipmen
midwife midwives
Milanese Milanese
milieu milieux
military militarys
militiaman militiamen
milkman milkmen
millennium millennia
mineralogy mineralogys
minimax minimaxs
Minuteman Minutemen
minutia minutiae
minx minxs
mirepoix mirepoixs
misogamy misogamys
misogyny misogynys
misplay misplays
mitochondrion mitochondria
mitzvah mitzvoth
mix mixs
modesty modestys
modulus moduli
momentum momenta
monandry monandrys
Monday Mondays
money moneys
money monies
monkey monkeys
monogamy monogamys
monogyny monogynys
monotony monotonys
Monseigneur Messeigneurs
Monsieur Messieurs
Monsignor Monsignori
moody moodys
moose moose
moratorium moratoria
moray morays
Morisco Moriscoes
mornay mornays
morphology morphologys
mortadella mortadelle
morula morulae
moshav moshavim
mosquito mosquitoes
motley motleys
motorman motormen
motorway motorways
motto mottoes
mouse mice
movie movies
Mr Messrs
mucosa mucosae
mucro mucrones
mulatto mulattoes
muliebrity muliebritys
mulligatawny mulligatawnys
mulloway mulloways
multi-storey multi-storeys
multi-way multi-ways
murex murices
murrey murreys
muscology muscologys
Muscovy Muscovys
musicology musicologys
musketry musketrys
Mussulman Mussulmen
mycelium mycelia
mycology mycologys
mycorrhiza mycorrhizae
mycotrophy mycotrophys
myeloma myelomata
myocardium myocardia
myology myologys
mythography mythographys
mythus mythi
myxoma myxomata
Naffy Naffys
naiad naiaddes
navety navets
naos naoi
napery naperys
narcissus narcissi
narcolepsy narcolepsys
narthex narthexs
naturopathy naturopathys
nauplius nauplii
nautilus nautili
nay nays
nebula nebulae
necrolatry necrolatrys
necromancy necromancys
needlewoman needlewomen
Negro Negroes
nemesis nemeses
neoteny neotenys
Nepalese Nepalese
nephology nephologys
neurology neurologys
neuroma neuromata
neuropathology neuropathologys
neurophysiology neurophysiologys
neurosis neuroses
neurosurgery neurosurgerys
newsboy newsboys
newsman newsmen
newspaperman newspapermen
nexus nexus
nicker nicker
nidus nidi
niello nielli
nimbostratus nimbostrati
nimbus nimbi
Nipponese Nipponese
nitty-gritty nitty-grittys
nix nixs
no noes
nobleman noblemen
noblewoman noblewomen
nodus nodi
non-availability non-availabilitys
non-belligerency non-belligerencys
nonconformity nonconformitys
non-delivery non-deliverys
nooky nookys
noonday noondays
Norroy Norroys
Northman Northmen
nosegay nosegays
nosography nosographys
nosology nosologys
nova novae
noyau noyaux
nucleolus nucleoli
nucleus nuclei
nudity nuditys
numen numina
numismatology numismatologys
nun-buoy nun-buoys
nurseryman nurserymen
nympholepsy nympholepsys
oarsman oarswomen
oarsman oarsmen
oarsman oarswoman
oasis oases
obelus obeli
obloquy obloquys
oceanarium oceanaria
Oceanid Oceanides
oceanography oceanographys
ocellus ocelli
octahedron octahedra
odeum odea
odontology odontologys
odyssey odysseys
oenology oenologys
ofay ofays
offspring offspring
oidium oidia
oilman oilmen
omasum omasa
ombudsman ombudsmen
omentum omenta
ommatidium ommatidia
oncology oncologys
oneiromancy oneiromancys
ontogeny ontogenys
ontology ontologys
onyx onyxs
oology oologys
opacity opacitys
operculum opercula
ophthalmology ophthalmologys
opopanax opopanaxs
optimum optima
opus opera
opuscule opuscula
oracy oracys
Orangeman Orangemen
orchardman orchardmen
organotherapy organotherapys
ornithology ornithologys
orogeny orogenys
orography orographys
orphrey orphreys
orthoepy orthoepys
oryx oryxs
osculum oscula
osprey ospreys
osteology osteologys
osteopathy osteopathys
otolaryngology otolaryngologys
otology otologys
otorhinolaryngology otorhinolaryngologys
outgo outgoes
outlay outlays
out-tray out-trays
overcapacity overcapacitys
overlay overlays
overman overmen
oversupply oversupplys
ovolo ovoli
ovotestis ovotestes
ovum ova
ox oxen
paintbox paintboxs
paisa paise
Paisley Paisleys
palaeobotany palaeobotanys
palaeoclimatology palaeoclimatologys
palaeogeography palaeogeographys
palaeography palaeographys
palaeontology palaeontologys
palea paleae
palfrey palfreys
palimony palimonys
palladium palladia
pallium pallia
palmistry palmistrys
palp palpi
palynology palynologys
pantryman pantrymen
paparazzo paparazzi
papilla papillae
papilloma papillomata
pappus pappi
papula papulae
papyrology papyrologys
papyrus papyri
paradox paradoxs
paralipsis paralipses
parallax parallaxs
parapsychology parapsychologys
paraselene paraselenae
parenthesis parentheses
parergon parerga
paresis pareses
parhelion parhelia
parity paritys
parkway parkways
parlay parlays
parley parleys
parquetry parquetrys
parsimony parsimonys
parsley parsleys
partiality partialitys
particularity particularitys
partita partite
passageway passageways
passer-by passers-by
passkey passkeys
pastorale pastorali
patagium patagia
patella patellae
paternity paternitys
pathology pathologys
pathway pathways
patois patois
patrolman patrolmen
paucity paucitys
pax paxs
pay pays
peccadillo peccadilloes
pecten pectines
pedagogy pedagogys
pederasty pederastys
pedology pedologys
Pekingese Pekingese
pellitory pellitorys
pelta peltae
pelvis pelves
penis penes
penman penmen
pennill penillion
penology penologys
pentimento pentimenti
penumbra penumbrae
pepperbox pepperboxs
perch perches
perfidy perfidys
pericardium pericardia
perihelion perihelia
periodontology periodontologys
periosteum periostea
periphrasis periphrases
peritoneum peritonea
permalloy permalloys
permeability permeabilitys
permittivity permittivitys
persona personae
Perspex Perspexs
pestology pestologys
petechia petechiae
peterman petermen
petrochemistry petrochemistrys
petrography petrographys
petrology petrologys
phallus phalli
pharmacognosy pharmacognosys
pharmacology pharmacologys
pharynx pharynges
phenomenology phenomenologys
phenomenon phenomena
philanthropy philanthropys
philately philatelys
Philly Phillys
philodendron philodendra
philology philologys
phlebotomy phlebotomys
phlox phloxs
phoenix phoenixs
phoney phoneys
phoney phonies
phonography phonographys
phonology phonologys
phoresy phoresys
photobiology photobiologys
photochemistry photochemistrys
photoconductivity photoconductivitys
photogrammetry photogrammetrys
photography photographys
photolithography photolithographys
phrenology phrenologys
phycology phycologys
phylum phyla
physiography physiographys
physiology physiologys
physiotherapy physiotherapys
phytochemistry phytochemistrys
phytogeography phytogeographys
phytopathology phytopathologys
phytotomy phytotomys
pianissimo pianissimi
piano piani
pied--terre pieds--terre
pieman piemen
piezoelectricity piezoelectricitys
piggy piggys
pike pike
pikeman pikemen
pileus pilei
pillbox pillboxs
pince-nez pince-nez
pinetum pineta
pinna pinnae
pipeclay pipeclays
piscary piscarys
Pisces Pisces
piscina piscinae
pithos pithoi
pitman pitmen
pix pixs
pizzicato pizzicati
placenta placentae
plaice plaice
plainsman plainsmen
planetarium planetaria
plasmodesma plasmodesmata
plasmodium plasmodia
plateau plateaux
play plays
playboy playboys
plectrum plectra
plenty plentys
pleura pleurae
pleurisy pleurisys
pleuron pleura
ploidy ploidys
ploughman ploughmen
ploy ploys
pneumatology pneumatologys
pneumothorax pneumothoraxs
podiatry podiatrys
podium podia
poesy poesys
poetry poetrys
pointsman pointsmen
pokey pokeys
polarography polarographys
policeman policewomen
policeman policemen
policeman policewoman
pollex pollices
poly polys
polyandry polyandrys
polychromy polychromys
polygeny polygenys
polygyny polygynys
polyhedron polyhedra
polypus polypi
polysemy polysemys
polytonality polytonalitys
pomology pomologys
pons pontes
pontifex pontifices
popery poperys
popinjay popinjays
pornography pornographys
portamento portamenti
portico porticoes
portmanteau portmanteaux
portolan portolanos
Portuguese Portuguese
posology posologys
postbox postboxs
posterity posteritys
postfix postfixs
postliminy postliminys
postman postwoman
postman postwomen
postman postmen
potato potatoes
poultry poultrys
pouncet-box pouncet-boxs
poverty povertys
pox poxs
preciosity preciositys
prcis prcis
pre-echo pre-echoes
pressman pressmen
prey preys
prie-dieu prie-dieux
primigravida primigravidae
primipara primiparae
primordium primordia
privacy privacys
privateersman privateersmen
prizeman prizemen
probity probitys
procs-verbal procs-verbaux
proctology proctologys
productivity productivitys
progeny progenys
proglottis proglottides
prognosis prognoses
prolegomenon prolegomena
prolepsis prolepses
pronaos pronaoi
prophylaxis prophylaxes
propinquity propinquitys
propylaeum propylaea
propylon propyla
proscenium proscenia
prosody prosodys
prosperity prosperitys
prosthesis prostheses
protasis protases
prothalamium prothalamia
prothallium prothallia
prothallus prothalli
prothesis protheses
protozoan protozoa
proximity proximitys
psalmody psalmodys
psephology psephologys
pseudopodium pseudopodia
psychiatry psychiatrys
psychometry psychometrys
psychopathology psychopathologys
psychopathy psychopathys
psychophysiology psychophysiologys
psychosis psychoses
psychosurgery psychosurgerys
psychotherapy psychotherapys
pteridology pteridologys
puberty pubertys
pubes pubes
publicity publicitys
pudency pudencys
pudendum pudenda
pulley pulleys
punctum puncta
pupa pupae
purity puritys
putto putti
puy puys
pylorus pylori
Pyrex Pyrexs
pyrography pyrographys
pyx pyxs
pyxidium pyxidia
pyxis pyxides
quadrennium quadrennia
quadruplicity quadruplicitys
quantum quanta
quarryman quarrymen
quay quays
quid quid
quincunx quincunxs
quinquennium quinquennia
quinsy quinsys
quiz quizzes
raceway raceways
rachis rachides
rad rad
radioactivity radioactivitys
radio-assay radio-assays
radiobiology radiobiologys
radiochemistry radiochemistrys
radioimmunology radioimmunologys
radiology radiologys
radioscopy radioscopys
radio-telegraphy radio-telegraphys
radio-telephony radio-telephonys
radiotelex radiotelexs
radiotherapy radiotherapys
radius radii
radix radices
radula radulae
raftsman raftsmen
railman railmen
railway railways
railwayman railwaymen
rallentando rallentandi
ramify ramifys
ranunculus ranunculi
rattlebox rattleboxs
ray rays
reagency reagencys
realty realtys
reciprocity reciprocitys
rectrix rectrices
rectum recta
rectus recti
redox redoxs
referendum referenda
reflex reflexs
reflexology reflexologys
reflux refluxs
regulus reguli
relativity relativitys
relay relays
religiosity religiositys
religious religious
rem rem
remex remiges
remix remixs
rendezvous rendezvous
renegado renegadoes
repairman repairmen
replay replays
reprography reprographys
residuum residua
resistivity resistivitys
respectability respectabilitys
respray resprays
resurvey resurveys
rete retia
retiarius retiarii
reticulum reticula
retina retinae
revers revers
Rex Rexs
rhabdomancy rhabdomancys
rheology rheologys
rheumatology rheumatologys
rhinoplasty rhinoplastys
rhombohedron -hedrons
rhombohedron -hedra
rhomboideus rhomboidei
rhombus rhombi
rhythmicity rhythmicitys
ribaldry ribaldrys
rickey rickeys
ridgeway ridgeways
rifleman riflemen
Riley Rileys
ripieno ripieni
ritenuto ritenuti
roach roach
roadman roadmen
roadway roadways
rockabilly rockabillys
rocketry rocketrys
rocky rockys
roentgenography roentgenographys
roentgenology roentgenologys
Rom Roma
roman--clef romans--clef
roman-fleuve romans-fleuves
ropeway ropeways
rosebay rosebays
rosemary rosemarys
rostrum rostra
rouleau rouleaux
roundelay roundelays
roundsman roundsmen
roux roux
rubato rubati
rudd rudd
Rugby Rugbys
rumen rumina
rummy rummys
runaway runaways
runway runways
Russki Russkies
sacrarium sacraria
sacrum sacra
salesman saleswoman
salesman saleswomen
salesman salesmen
sallee salleies
sally sallys
salmonella salmonellae
saltarello saltarelli
salvo salvoes
Sambo Samboes
samurai samurai
sanatorium sanatoria
sandbox sandboxs
sandboy sandboys
sanitarium sanitaria
sanity sanitys
sannyasi sannyasi
sarcoma sarcomata
sarcophagus sarcophagi
sardonyx sardonyxs
sargasso sargassoes
sargasso sargassa
sari sarees
Satanology Satanologys
satay satays
satiety satietys
Saturday Saturdays
saveloy saveloys
savoy savoys
savvy savvys
sax saxs
saxony saxonys
say says
scalenus scaleni
scapula scapulae
scarf scarves
scatology scatologys
scenery scenerys
schema schemata
scherzando scherzandi
scholium scholia
schoolboy schoolboys
schoolman schoolmen
sciagraphy sciagraphys
sciamachy sciamachys
scientology scientologys
scintigraphy scintigraphys
scirrhus scirrhi
scleroma scleromata
scolex scoleces
scolex scolices
scopa scopae
scopula scopulae
scoria scoriae
Scotchman Scotchwomen
Scotchman Scotchmen
Scotchman Scotchwoman
scotoma scotomata
Scotsman Scotswomen
Scotsman Scotsmen
Scotsman Scotswoman
screenplay screenplays
scriptorium scriptoria
scrotum scrota
scrumpy scrumpys
scurvy scurvys
scutellum scutella
scutum scuta
scyphus scyphi
seaman seamen
seaway seaways
secondo secondi
secrecy secrecys
sedile sedilia
seedsman seedsmen
seismology seismologys
selenography selenographys
selenology selenologys
self selves
self-discovery self-discoverys
self-flattery self-flatterys
self-mastery self-masterys
self-pity self-pitys
semasiology semasiologys
semiology semiologys
senarius senarii
seor seores
sensitivity sensitivitys
sensorium sensoria
sensuality sensualitys
sensum sensa
Sephardi Sephardim
sepoy sepoys
septenarius septenarii
septennium septennia
septillion septillion
septum septa
sequela sequelae
sequestrum sequestra
seraph seraphim
serendipity serendipitys
series series
serigraphy serigraphys
serology serologys
serpula serpulae
serra serrae
serradilla serradillae
serum sera
serviceman servicemen
servicewoman servicewomen
sesterce sestertii
seta setae
severalty severaltys
sex sexs
sexology sexologys
sforzando sforzandi
sgraffito sgraffiti
sheaf sheaves
sheatfish sheatfishes
sheep sheep
shelduck shelduck
shelf shelves
shilly-shally shilly-shallys
shipway shipways
shoebox shoeboxs
shofar shofroth
shopman shopmen
showman showmen
shy shys
Siamese Siamese
sickbay sickbays
sidesman sidesmen
siglum sigla
signalman signalmen
signor signori
silenus sileni
silex silexs
siliqua siliquae
siliqua siliques
silverfish silverfishes
simony simonys
simplex simplexs
simplicity simplicitys
simulacrum simulacra
Sinhalese Sinhalese
sinology sinologys
Sioux Sioux
sistrum sistra
six sixs
ski ski
skilly skillys
skulduggery skulduggerys
skyway skyways
slavery slaverys
slavey slaveys
sley sleys
slideway slideways
slipway slipways
smallpox smallpoxs
smilax smilaxs
smorzando smorzandi
snaggle-tooth snaggle-teeth
snowman snowmen
snuffbox snuffboxs
soakaway soakaways
so-and-so so-and-so`s
soapbox soapboxs
sobriety sobrietys
sociobiology sociobiologys
sociology sociologys
sociometry sociometrys
sodomy sodomys
solarium solaria
solatium solatia
solfeggio solfeggi
solidarity solidaritys
solidity soliditys
solidus solidi
solo soli,solos
somatology somatologys
sonny sonnys
sonobuoy sonobuoys
soprano soprani
sordino sordini
sorosis soroses
sorus sori
soteriology soteriologys
soundbox soundboxs
souvlaki souvlakia
soy soys
spaceman spacewomen
spaceman spacemen
spaceman spacewoman
spadix spadices
spearman spearmen
speciology speciologys
spectrochemistry spectrochemistrys
spectrum spectra
speculum specula
speedway speedways
speleology speleologys
spermatogonium spermatogonia
spermatozoon spermatozoa
sphagnum sphagna
sphinx sphinxs
sphygmology sphygmologys
spiderman spidermen
spillway spillways
spinifex spinifexs
spinney spinneys
spiracle spiracula
spirillum spirilla
splay splays
splenius splenii
splenology splenologys
splenomegaly splenomegalys
spoilsman spoilsmen
spokesman spokeswomen
spokesman spokesmen
spokesman spokeswoman
spokesperson spokespeople
sporangium sporangia
sportsman sportswomen
sportsman sportswoman
sportsman sportsmen
spray sprays
spurry spurreys
sputum sputa
squama squamae
squash squashes
stability stabilitys
stableman stablemen
stadium stadia,stadiums
staff staves
stairway stairways
stapes stapes
staphylococcus staphylococci
stasis stases
statesman stateswomen
statesman statesmen
statesman stateswoman
stationery stationerys
stay stays
steersman steersmen
stela stelae
stemma stemmata
stenography stenographys
stereochemistry stereochemistrys
stereography stereographys
stereometry stereometrys
sternum sterna
sternway sternways
stimulus stimuli
stingray stingrays
stipes stipites
stirps stirpes
stockman stockmen
stoichiometry stoichiometrys
stokes stokes
stoma stomata
stomatology stomatologys
stone stone
stonefish stonefish
storax storaxs
storeman storemen
storey storeys
storey stories
stowaway stowaways
strangury strangurys
strathspey strathspeys
stratigraphy stratigraphys
stratum strata
stratus strati
stray strays
streptococcus streptococci
stria striae
strobila strobilae
strobilus strobili
stroma stromata
strongbox strongboxs
struma strumae
stucco stuccoes
sturdy sturdys
sty styes
stylus styli
styrax styraxs
subgenus subgenera
subman submen
subphylum subphyla
subsellium subsellia
subspecies subspecies
substratum substrata
subway subways
succedaneum succedanea
succory succorys
succubus succubi
Sudanese Sudanese
sudarium sudaria
sudatorium sudatoria
sulcus sulci
summa summae
Sunday Sundays
supercargo supercargoes
superconductivity superconductivitys
superficies superficies
superhighway superhighways
superiority superioritys
superman supermen
supernova supernovae
superstratum superstrata
supertax supertaxs
superwoman superwomen
surrey surreys
surtax surtaxs
survey surveys
Sussex Sussexs
suttee satis
swagman swagmen
Swahili Swahili
swath swathes
sway sways
Sweeney Sweeneys
swine swine
Swiss Swiss
swizz swizzes
swordplay swordplays
swordsman swordsmen
swy swys
syconium syconia
syllabus syllabi
syllepsis syllepses
sylva sylvae
symbiosis symbioses
symphysis symphyses
sympodium sympodia
symposium symposia
symptomatology symptomatologys
synarthrosis synarthroses
synchondrosis synchondroses
synchrony synchronys
syncytium syncytia
syndesis syndeses
synecology synecologys
syngamy syngamys
synopsis synopses
syntagma syntagmata
syntax syntaxs
synthesis syntheses
syssarcosis syssarcoses
tableau tableaux
taboo tabus
tachygraphy tachygraphys
talesman talesmen
tallboy tallboys
tallyman tallymen
talus tali
Tammany Tammanys
Tannoy Tannoys
tarsus tarsi
tautophony tautophonys
tawdry tawdrys
tax taxs
taxidermy taxidermys
taxon taxa
taxonomy taxonomys
teal teal
teapoy teapoys
tearaway tearaways
tectrix tectrices
telamon telamones
telefax telefaxs
telegony telegonys
telegraphy telegraphys
telepathy telepathys
telephony telephonys
telephotography telephotographys
Teletex Teletexs
telex telexs
telling-off tellings-off
Telugu Telegus
temerity temeritys
tempo tempi
tenaculum tenacula
tenantry tenantrys
tench tench
tenuis tenues
tenuity tenuitys
teraph teraphim
teratology teratologys
terminus termini
terotechnology terotechnologys
terramara terramare
terrarium terraria
tertiary tertiarys
terzetto terzetti
tessera tesserae
testa testae
testis testes
testudo testudines
tetany tetanys
tetrahedron tetrahedra
thalamus thalami
thallus thalli
thanatology thanatologys
theca thecae
theocrasy theocrasys
thermochemistry thermochemistrys
thermography thermographys
thesaurus thesauri
thesis theses
theurgy theurgys
thief thieves
thievery thieverys
thixotropy thixotropys
tholos tholoi
thorax thoraces
thremmatology thremmatologys
threnody threnodes
thrips thrips
thrombosis thromboses
thrombus thrombi
throughway throughways
Thursday Thursdays
thymus thymi
thyrsus thyrsi
tibia tibiae
tibiotarsus tibiotarsi
tideway tideways
timothy timothys
titmouse titmice
tmesis tmeses
toadflax toadflaxs
today todays
toffee toffies
toggery toggerys
Togolese Togolese
Tokay Tokays
tomato tomatoes
tomboy tomboys
tomentum tomenta
tomography tomographys
tondo tondi
tonicity tonicitys
tooth teeth
tophus tophi
topi topees
topman topmen
topography topographys
topology topologys
toponymy toponymys
topos topoi
topsy-turvy topsy-turvys
torii torii
tornado tornadoes
torpedo torpedoes
torr torr
torte torten
tortrix tortrixs
torula torulae
torus tori
totality totalitys
tournedos tournedos
tourney tourneys
townsman townswomen
townsman townswoman
townsman townsmen
toxicology toxicologys
toy toys
trabecula trabeculae
trachea tracheae
trackman trackmen
trackway trackways
tradesman tradeswomen
tradesman tradeswoman
tradesman tradesmen
traditor traditores
trainman trainmen
tramway tramways
trapezium trapezia
trauma traumata
travois travois
tray trays
trencherman trenchermen
trey treys
tribesman tribesmen
triboelectricity triboelectricitys
tribology tribologys
trichina trichinae
trichology trichologys
trichopathy trichopathys
triclinium triclinia
triennium triennia
triforium triforia
trigeminus trigemini
trigonometry trigonometrys
triplex triplexs
triploidy triploidys
triquetra triquetrae
triumvir triumviri
trochlea trochleae
trolley trolleys
tropology tropologys
trousseau trousseaux
troy troys
trumeau trumeaux
tubifex tubifexs
Tuesday Tuesdays
tumulus tumuli
tunica tunicae
turf turves
turfman turfmen
turkey turkeys
turnery turnerys
turnkey turnkeys
tutti-frutti -fruttis
tutty tuttys
tux tuxs
tuxedo tuxedoes
tympanum tympana
typography typographys
typology typologys
ubiety ubietys
ufology ufologys
Ugli Uglies
ulna ulnae
Ulsterman Ulstermen
ultimatum ultimata
umbilicus umbilici
umbo umbones
umbra umbrae
unbirthday unbirthdays
underclay underclays
underemphasis underemphases
underlay underlays
understorey understoreys
unguis ungues
ungula ungulae
upholstery upholsterys
uranography uranographys
urbanity urbanitys
urethra urethrae
urinalysis urinalyses
urology urologys
uroscopy uroscopys
usury usurys
uterus uteri
uvula uvulae
vacuum vacuums,vacuums
vacuum vacua
vagina vaginae
vagus vagi
vainglory vainglorys
vallecula valleculae
valley valleys
varix varices
vas vasa
vasculum vascula
VATman VATmen
Vaudois Vaudois
velamen velamina
velleity velleitys
velum vela
venereology venereologys
venery venerys
ventriloquy ventriloquys
veracity veracitys
verruca verrucae
vertebra vertebrae
vertex vertices
vestryman vestrymen
veto vetoes
vexillology vexillologys
vexillum vexilla
viaticum viatica
vibraculum vibracula
viceroy viceroys
videotex videotexs
Viennese Viennese
Vietnamese Vietnamese
villus villi
vinculum vincula
virelay virelays
virginity virginitys
viridity viriditys
virology virologys
virtuoso virtuosi
vis--vis vis--vis
viscus viscera
visibility visibilitys
vitality vitalitys
vitellus vitelli
vitta vittae
vivarium vivaria
volcano volcanoes
volley volleys
vomitorium vomitoria
vortex vortices
votary votaress
vulcanology vulcanologys
wacko wackoes
wadi wadies
wagon-lit wagons-lits
walkway walkways
washday washdays
washerwoman washerwomen
watchman watchmen
waterman watermen
waterway waterways
wax waxs
way ways
weakfish weakfishes
weaponry weaponrys
weatherman weathermen
Wednesday Wednesdays
weekday weekdays
Welshman Welshmen
Welshwoman Welshwomen
werewolf werewolves
wey weys
wharf wharves
wheelsman wheelsmen
wherryman wherrymen
whey wheys
whimsy whimseys
whisky whiskys
whitebait whitebait
whitefish whitefishes
Whitey Whiteys
why whys
wife wives
wildfowl wildfowl
willet willet
wincey winceys
wireman wiremen
witchery witcherys
withe withies
wolf wolves
woman women
woodcock woodcock
woodlouse woodlice
woodman woodmen
woodmouse woodmice
woodsman woodsmen
wordplay wordplays
workbox workboxs
workday workdays
workman workmen
workwoman workwomen
xanthoma xanthomata
xenogamy xenogamys
xerography xerographys
Xerox Xeroxs
xoanon xoana
X-ray X-rays
xylography xylographys
xystus xysti
yachtsman yachtswomen
yachtsman yachtsmen
yachtsman yachtswoman
yen yen
yeoman yeomen
yesterday yesterdays
Yorkshireman Yorkshirewoman
Yorkshireman Yorkshirewomen
Yorkshireman Yorkshiremen
yuan yuan
zany zanys
zedoary zedoarys
Zingaro Zingari
zloty zlotys
zoogeography zoogeographys
zoography zoographys
zoolatry zoolatrys
zoology zoologys
zoomancy zoomancys
zootomy zootomys
zygoma zygomata
zymology zymologys
zymurgy zymurgys
size sizes
